title,url,date
ロボットの殴り合いに熱気、フィジカルAI盛況に垣間見えた人の性（さが）,https://active.nikkeibp.co.jp//atcl/act/19/00131/030500078/,2026.04.07
Excelで「壁打ち」、Copilotを相手にブレーンストーミングして分析を深める,https://active.nikkeibp.co.jp//atcl/act/19/00142/030500308/,2026.04.07
「SaaSの死」に3つの疑問　再び株価急落、震源はAnthropicのAI新機能,https://active.nikkeibp.co.jp//atcl/act/19/00759/030500001/,2026.04.07
ずらし重ねで雰囲気が激変！ Wordで「映える」チラシタイトル文字の作り方,https://active.nikkeibp.co.jp//atcl/act/19/00485/021600035/,2026.04.07
勘に頼った見積もり・価格交渉とおさらばするには？ デモを交えて動画で解説,https://active.nikkeibp.co.jp//atcl/wp/b/26/03/31/06161/,2026.04.07
保証期間後にPCの故障続出！ 人材サービスのグロップがとった根本的対策とは,https://active.nikkeibp.co.jp//atcl/wp/b/26/03/31/06163/,2026.04.07
基幹システム再構築の現実解、「ERP×ノーコードツール」の妥当性とメリット,https://active.nikkeibp.co.jp//atcl/wp/b/26/03/31/06164/,2026.04.07
AIサイバーリスクに「内製化」で対抗する方法、国内2社が確認した効果は？,https://active.nikkeibp.co.jp//atcl/wp/b/26/03/31/06168/,2026.04.07
ランサムウエア対策の実態も明らかに、PC運用・管理の担当者1030人に聞く,https://active.nikkeibp.co.jp//atcl/wp/b/26/03/31/06166/,2026.04.07
待ったなしのサプライチェーンリスク対策、脆弱性診断のコスト問題はこう解決,https://active.nikkeibp.co.jp//atcl/wp/b/26/03/31/06167/,2026.04.07
ベンダーの「他社事例」と生成AIへの「壁打ち」、システム調達で価値があるのは？,https://active.nikkeibp.co.jp//atcl/act/19/00442/032700076/,2026.04.06
業務効率化だけで満足？　AI駆使で「勝てる」組織へ、企業も社会も変革を,https://active.nikkeibp.co.jp//atcl/act/19/00758/030500004/,2026.04.06
Netflixとのセット提供を始める「LYPプレミアム」、会員増につなげられるか,https://active.nikkeibp.co.jp//atcl/act/19/00301/030500227/,2026.04.06
「AIの文章を信用」は危険！ 回避に「クリティカルシンキング」が効くワケ,https://active.nikkeibp.co.jp//atcl/act/19/00484/021300044/,2026.04.06
Microsoftが日本で100万人のAI人材育成、DCなどに1.6兆円投資も,https://active.nikkeibp.co.jp//atcl/act/19/00012/040601689/,2026.04.03
三井住友FGが新中計を発表、IT投資3年で1兆円規模　AI活用加速,https://active.nikkeibp.co.jp//atcl/act/19/00012/040301688/,2026.04.03
定年間近のエンジニア、社内公募に不合格なら継続雇用しないと言われた,https://active.nikkeibp.co.jp//atcl/act/19/00126/030500302/,2026.04.03
2026年の携帯料金競争、値上げラッシュで忘れ去られた「お試し割」から占う,https://active.nikkeibp.co.jp//atcl/act/19/00685/030500022/,2026.04.03
生成AIの利用、どう社内に定着させる？　鍵は「使いこなせる仕組みと文化」,https://active.nikkeibp.co.jp//atcl/act/19/00758/030500003/,2026.04.03
AIで考える力が衰える？ 不安払拭に効く「考える対象」「AI時代の思考」とは,https://active.nikkeibp.co.jp//atcl/act/19/00484/021300043/,2026.04.03
AI活用で期待した成果を得られていますか？ AI／データ分析基盤に関する実態調査,https://active.nikkeibp.co.jp//atcl/wp/rs/01125/,2026.04.03
三井住友FGが新中計を発表、IT投資3年で1兆円規模　AI活用加速,https://active.nikkeibp.co.jp//atcl/act/19/00012/040201687/,2026.04.02
なぜうちの社員はAIを使ってくれない？　「硬軟両面」の打ち手で習得促せ,https://active.nikkeibp.co.jp//atcl/act/19/00758/030500002/,2026.04.02
Edgeに追加されたタブの新しい管理機能、検索や自動整理を使いこなす,https://active.nikkeibp.co.jp//atcl/act/19/00390/030500172/,2026.04.02
Excelのグラフは便利だが時間泥棒、簡単に作成・変更できるマクロ術（後編）,https://active.nikkeibp.co.jp//atcl/act/19/00648/021300030/,2026.04.02
ブラウザー起点の統合管理とAIで実現する次世代セキュリティ運用、負担を軽減,https://active.nikkeibp.co.jp//atcl/wp/b/26/03/26/06156/,2026.04.02
「使われない不安」を解消、ノーコードで過不足なく作る営業支援システム,https://active.nikkeibp.co.jp//atcl/wp/b/26/03/26/06158/,2026.04.02
ゼロトラストの実現に悩む企業に贈る、ブラウザー起点で手軽に構築する方法,https://active.nikkeibp.co.jp//atcl/wp/b/26/03/26/06157/,2026.04.02
Accessでのデータ管理はもう限界、ノーコード開発ツールを使ったらどうなる？,https://active.nikkeibp.co.jp//atcl/wp/b/26/03/26/06155/,2026.04.02
DMM TVの開発・運用部門160人が体感、「フルスタック監視」で何が変わった？,https://active.nikkeibp.co.jp//atcl/wp/b/26/03/24/06150/,2026.04.02
